[
  null,
  {
    "id": 1,
    "atypeId": 5,
    "description": "",
    "etypeId": 2,
    "traits": [
      {
        "code": 22,
        "dataId": 1,
        "value": 0
      }
    ],
    "iconIndex": 128,
    "name": "Shield",
    "note": "",
    "params": [
      0,
      0,
      0,
      10,
      0,
      0,
      0,
      0
    ],
    "price": 300
  },
  {
    "id": 2,
    "atypeId": 1,
    "description": "",
    "etypeId": 3,
    "traits": [
      {
        "code": 22,
        "dataId": 1,
        "value": 0
      }
    ],
    "iconIndex": 130,
    "name": "Hat",
    "note": "",
    "params": [
      0,
      0,
      0,
      10,
      0,
      0,
      0,
      0
    ],
    "price": 300
  },
  {
    "id": 3,
    "atypeId": 1,
    "description": "",
    "etypeId": 4,
    "traits": [
      {
        "code": 22,
        "dataId": 1,
        "value": 0
      }
    ],
    "iconIndex": 135,
    "name": "Cloth",
    "note": "",
    "params": [
      0,
      0,
      0,
      10,
      0,
      0,
      0,
      0
    ],
    "price": 300
  },
  {
    "id": 4,
    "atypeId": 1,
    "description": "",
    "etypeId": 5,
    "traits": [
      {
        "code": 22,
        "dataId": 1,
        "value": 0
      }
    ],
    "iconIndex": 145,
    "name": "Ring",
    "note": "",
    "params": [
      0,
      0,
      0,
      0,
      10,
      0,
      0,
      0
    ],
    "price": 300
  }
]