[
  null,
  {
    "id": 1,
    "members": [
      {
        "enemyId": 1,
        "x": 120,
        "y": 358,
        "hidden": false
      },
      {
        "enemyId": 1,
        "x": 324,
        "y": 238,
        "hidden": false
      }
    ],
    "name": "Bat*2",
    "pages": [
      {
        "conditions": {
          "actorHp": 50,
          "actorId": 1,
          "actorValid": false,
          "enemyHp": 50,
          "enemyIndex": 0,
          "enemyValid": false,
          "switchId": 1,
          "switchValid": false,
          "turnA": 0,
          "turnB": 0,
          "turnEnding": false,
          "turnValid": false
        },
        "list": [
          {
            "code": 0,
            "indent": 0,
            "parameters": []
          }
        ],
        "span": 0
      }
    ]
  },
  {
    "id": 2,
    "members": [
      {
        "enemyId": 2,
        "x": 166,
        "y": 343,
        "hidden": false
      },
      {
        "enemyId": 2,
        "x": 351,
        "y": 343,
        "hidden": false
      }
    ],
    "name": "Slime*2",
    "pages": [
      {
        "conditions": {
          "actorHp": 50,
          "actorId": 1,
          "actorValid": false,
          "enemyHp": 50,
          "enemyIndex": 0,
          "enemyValid": false,
          "switchId": 1,
          "switchValid": false,
          "turnA": 0,
          "turnB": 0,
          "turnEnding": false,
          "turnValid": false
        },
        "list": [
          {
            "code": 0,
            "indent": 0,
            "parameters": []
          }
        ],
        "span": 0
      }
    ]
  },
  {
    "id": 3,
    "members": [
      {
        "enemyId": 3,
        "x": 264,
        "y": 355,
        "hidden": false
      }
    ],
    "name": "Orc",
    "pages": [
      {
        "conditions": {
          "actorHp": 50,
          "actorId": 1,
          "actorValid": false,
          "enemyHp": 50,
          "enemyIndex": 0,
          "enemyValid": false,
          "switchId": 1,
          "switchValid": false,
          "turnA": 0,
          "turnB": 0,
          "turnEnding": false,
          "turnValid": false
        },
        "list": [
          {
            "code": 0,
            "indent": 0,
            "parameters": []
          }
        ],
        "span": 0
      }
    ]
  },
  {
    "id": 4,
    "members": [
      {
        "enemyId": 4,
        "x": 273,
        "y": 385,
        "hidden": false
      }
    ],
    "name": "Minotaur",
    "pages": [
      {
        "conditions": {
          "actorHp": 50,
          "actorId": 1,
          "actorValid": false,
          "enemyHp": 50,
          "enemyIndex": 0,
          "enemyValid": false,
          "switchId": 1,
          "switchValid": false,
          "turnA": 0,
          "turnB": 0,
          "turnEnding": false,
          "turnValid": false
        },
        "list": [
          {
            "code": 0,
            "indent": 0,
            "parameters": []
          }
        ],
        "span": 0
      }
    ]
  }
]